file_id,age
image_0.jpg,61.230453
image_1.jpg,40.352013
image_10.jpg,28.153973
image_100.jpg,51.061913
image_1000.jpg,19.674006
image_1001.jpg,24.078674
image_1002.jpg,67.00877
image_1003.jpg,29.62498
image_1004.jpg,32.30257
image_1005.jpg,63.412117
image_1006.jpg,33.584625
image_1007.jpg,62.115982
image_1008.jpg,62.43136
image_1009.jpg,32.16342
image_101.jpg,55.414787
image_1010.jpg,39.88543
image_1011.jpg,10.194076
image_1012.jpg,80.77913
image_1013.jpg,69.60195
image_1014.jpg,58.309975
image_1015.jpg,28.825232
image_1016.jpg,51.98916
image_1017.jpg,40.405647
image_1018.jpg,22.889694
image_1019.jpg,31.09899
image_102.jpg,33.834583
image_1020.jpg,28.624094
image_1021.jpg,11.284752
image_1022.jpg,1.7787892
image_1023.jpg,25.816666
image_1024.jpg,28.245926
image_1025.jpg,50.416847
image_1026.jpg,10.597184
image_1027.jpg,1.5937651
image_1028.jpg,23.45594
image_1029.jpg,23.611086
image_103.jpg,19.856354
image_1030.jpg,58.070255
image_1031.jpg,1.4158214
image_1032.jpg,50.187687
image_1033.jpg,26.480356
image_1034.jpg,23.749683
image_1035.jpg,50.69441
image_1036.jpg,58.152695
image_1037.jpg,25.621553
image_1038.jpg,45.876427
image_1039.jpg,20.861437
image_104.jpg,15.152024
image_1040.jpg,14.558077
image_1041.jpg,47.185406
image_1042.jpg,32.27685
image_1043.jpg,58.63673
image_1044.jpg,36.61326
image_1045.jpg,37.6252
image_1046.jpg,26.196255
image_1047.jpg,36.50542
image_1048.jpg,58.10947
image_1049.jpg,0.5095017
image_105.jpg,23.776836
image_1050.jpg,49.248318
image_1051.jpg,56.641365
image_1052.jpg,21.136051
image_1053.jpg,63.304054
image_1054.jpg,64.37398
image_1055.jpg,53.89793
image_1056.jpg,25.986801
image_1057.jpg,14.977226
image_1058.jpg,30.748081
image_1059.jpg,10.003654
image_106.jpg,53.424892
image_1060.jpg,64.56596
image_1061.jpg,33.769062
image_1062.jpg,37.43414
image_1063.jpg,69.272644
image_1064.jpg,15.918694
image_1065.jpg,55.006565
image_1066.jpg,20.179565
image_1067.jpg,61.92964
image_1068.jpg,65.78597
image_1069.jpg,51.11943
image_107.jpg,38.330524
image_1070.jpg,71.944466
image_1071.jpg,56.974678
image_1072.jpg,13.975572
image_1073.jpg,0.6330824
image_1074.jpg,33.00715
image_1075.jpg,56.976383
image_1076.jpg,52.90174
image_1077.jpg,17.079357
image_1078.jpg,12.058074
image_1079.jpg,65.571396
image_108.jpg,38.145523
image_1080.jpg,18.19847
image_1081.jpg,26.450994
image_1082.jpg,8.940018
image_1083.jpg,19.213726
image_1084.jpg,50.383873
image_1085.jpg,46.060165
image_1086.jpg,45.087605
image_1087.jpg,61.42254
image_1088.jpg,49.323875
image_1089.jpg,29.50745
image_109.jpg,29.87836
image_1090.jpg,15.411345
image_1091.jpg,24.238667
image_1092.jpg,37.665325
image_1093.jpg,31.82481
image_1094.jpg,44.57769
image_1095.jpg,50.78041
image_1096.jpg,14.675756
image_1097.jpg,20.4459
image_1098.jpg,15.583744
image_1099.jpg,59.29906
image_11.jpg,23.744839
image_110.jpg,6.341175
image_1100.jpg,46.685547
image_1101.jpg,1.1865529
image_1102.jpg,54.545715
image_1103.jpg,19.249722
image_1104.jpg,30.58433
image_1105.jpg,22.985443
image_1106.jpg,25.304768
image_1107.jpg,13.414314
image_1108.jpg,60.006615
image_1109.jpg,34.913116
image_111.jpg,7.2892017
image_1110.jpg,35.30631
image_1111.jpg,50.43211
image_1112.jpg,53.26614
image_1113.jpg,52.770264
image_1114.jpg,18.053167
image_1115.jpg,41.58576
image_1116.jpg,59.053726
image_1117.jpg,29.039059
image_1118.jpg,33.264503
image_1119.jpg,17.225151
image_112.jpg,24.864206
image_1120.jpg,45.834904
image_1121.jpg,27.459595
image_1122.jpg,61.25385
image_1123.jpg,71.06205
image_1124.jpg,11.383237
image_1125.jpg,45.488823
image_1126.jpg,59.982407
image_1127.jpg,67.99992
image_1128.jpg,33.90654
image_1129.jpg,56.78628
image_113.jpg,14.88611
image_1130.jpg,56.330627
image_1131.jpg,19.404055
image_1132.jpg,50.15297
image_1133.jpg,6.121892
image_1134.jpg,45.496254
image_1135.jpg,26.004673
image_1136.jpg,74.785416
image_1137.jpg,23.820469
image_1138.jpg,38.2539
image_1139.jpg,32.682056
image_114.jpg,25.708916
image_1140.jpg,20.040049
image_1141.jpg,42.34469
image_1142.jpg,26.329628
image_1143.jpg,71.3201
image_1144.jpg,59.28796
image_1145.jpg,43.5975
image_1146.jpg,27.939686
image_1147.jpg,14.832961
image_1148.jpg,51.428173
image_1149.jpg,61.807384
image_115.jpg,19.51122
image_1150.jpg,44.684048
image_1151.jpg,24.921711
image_1152.jpg,47.97718
image_1153.jpg,31.569647
image_1154.jpg,26.675894
image_1155.jpg,1.887241
image_1156.jpg,18.52523
image_1157.jpg,44.61657
image_1158.jpg,20.940754
image_1159.jpg,0.37951338
image_116.jpg,8.131827
image_1160.jpg,34.02147
image_1161.jpg,26.753048
image_1162.jpg,8.202587
image_1163.jpg,88.897675
image_1164.jpg,57.485477
image_1165.jpg,60.988327
image_1166.jpg,48.415718
image_1167.jpg,22.202553
image_1168.jpg,9.801107
image_1169.jpg,7.243232
image_117.jpg,12.595152
image_1170.jpg,6.0912385
image_1171.jpg,7.74664
image_1172.jpg,47.66387
image_1173.jpg,57.450428
image_1174.jpg,49.157825
image_1175.jpg,6.3181286
image_1176.jpg,83.4971
image_1177.jpg,46.53387
image_1178.jpg,7.2903748
image_1179.jpg,49.473392
image_118.jpg,69.69507
image_1180.jpg,37.73958
image_1181.jpg,28.150824
image_1182.jpg,23.133585
image_1183.jpg,53.906048
image_1184.jpg,42.625633
image_1185.jpg,38.436375
image_1186.jpg,36.043716
image_1187.jpg,4.5387573
image_1188.jpg,14.436101
image_1189.jpg,10.564362
image_119.jpg,56.16543
image_1190.jpg,53.9543
image_1191.jpg,4.762797
image_1192.jpg,52.323296
image_1193.jpg,59.608482
image_1194.jpg,22.773216
image_1195.jpg,23.727308
image_1196.jpg,6.560878
image_1197.jpg,19.229374
image_1198.jpg,17.208511
image_1199.jpg,54.756935
image_12.jpg,53.044243
image_120.jpg,30.82193
image_1200.jpg,71.09998
image_1201.jpg,47.664337
image_1202.jpg,31.0706
image_1203.jpg,49.63844
image_1204.jpg,34.05904
image_1205.jpg,1.9160966
image_1206.jpg,59.536
image_1207.jpg,54.687515
image_1208.jpg,43.563957
image_1209.jpg,29.784576
image_121.jpg,27.380432
image_1210.jpg,21.5164
image_1211.jpg,62.61666
image_1212.jpg,62.233074
image_1213.jpg,67.20892
image_1214.jpg,38.19203
image_1215.jpg,51.227043
image_1216.jpg,11.506321
image_1217.jpg,-0.5806666
image_1218.jpg,45.164505
image_1219.jpg,63.721115
image_122.jpg,30.457794
image_1220.jpg,22.292448
image_1221.jpg,57.133472
image_1222.jpg,60.829857
image_1223.jpg,79.08959
image_1224.jpg,0.9045248
image_1225.jpg,70.69205
image_1226.jpg,32.13539
image_1227.jpg,41.25149
image_1228.jpg,67.67413
image_1229.jpg,15.951807
image_123.jpg,10.101198
image_1230.jpg,9.587975
image_1231.jpg,60.685596
image_1232.jpg,33.975903
image_1233.jpg,18.394588
image_1234.jpg,30.79568
image_1235.jpg,51.155815
image_1236.jpg,47.14434
image_1237.jpg,16.236643
image_1238.jpg,5.337881
image_1239.jpg,9.818987
image_124.jpg,18.604742
image_1240.jpg,29.062107
image_1241.jpg,31.791193
image_1242.jpg,63.38356
image_1243.jpg,61.490326
image_1244.jpg,24.18702
image_1245.jpg,10.936731
image_1246.jpg,27.195835
image_1247.jpg,28.881626
image_1248.jpg,39.31505
image_1249.jpg,38.701958
image_125.jpg,59.980293
image_1250.jpg,3.7976255
image_1251.jpg,45.129295
image_1252.jpg,34.838345
image_1253.jpg,50.359444
image_1254.jpg,35.599945
image_1255.jpg,5.9233513
image_1256.jpg,52.25136
image_1257.jpg,62.298855
image_1258.jpg,42.780594
image_1259.jpg,57.33549
image_126.jpg,12.802233
image_1260.jpg,49.897297
image_1261.jpg,53.5556
image_1262.jpg,2.971817
image_1263.jpg,29.181377
image_1264.jpg,23.511574
image_1265.jpg,65.38348
image_1266.jpg,4.806074
image_1267.jpg,50.821556
image_1268.jpg,47.288143
image_1269.jpg,34.153934
image_127.jpg,25.703125
image_1270.jpg,32.487843
image_1271.jpg,46.467705
image_1272.jpg,54.824574
image_1273.jpg,42.852497
image_1274.jpg,40.21095
image_1275.jpg,35.096188
image_1276.jpg,36.861145
image_1277.jpg,52.37004
image_1278.jpg,27.470318
image_1279.jpg,35.070843
image_128.jpg,8.832863
image_1280.jpg,47.717953
image_1281.jpg,87.811676
image_1282.jpg,56.465126
image_1283.jpg,54.864727
image_1284.jpg,22.357338
image_1285.jpg,69.10766
image_1286.jpg,14.231792
image_1287.jpg,10.253498
image_1288.jpg,56.983574
image_1289.jpg,63.047348
image_129.jpg,35.620716
image_1290.jpg,24.222786
image_1291.jpg,49.077396
image_1292.jpg,32.04575
image_1293.jpg,19.607588
image_1294.jpg,47.12485
image_1295.jpg,49.401222
image_1296.jpg,57.535507
image_1297.jpg,22.269226
image_1298.jpg,29.635303
image_1299.jpg,50.48667
image_13.jpg,58.70811
image_130.jpg,11.788776
image_1300.jpg,62.445316
image_1301.jpg,19.869596
image_1302.jpg,13.769499
image_1303.jpg,29.868015
image_1304.jpg,41.228897
image_1305.jpg,49.696117
image_1306.jpg,28.679178
image_1307.jpg,0.6948758
image_1308.jpg,48.84487
image_1309.jpg,45.336334
image_131.jpg,59.99029
image_1310.jpg,63.744385
image_1311.jpg,40.752785
image_1312.jpg,32.932613
image_1313.jpg,52.32058
image_1314.jpg,27.180862
image_1315.jpg,32.81103
image_1316.jpg,31.254452
image_1317.jpg,34.012386
image_1318.jpg,6.491758
image_1319.jpg,32.049526
image_132.jpg,53.68424
image_1320.jpg,51.913715
image_1321.jpg,61.64055
image_1322.jpg,31.621405
image_1323.jpg,11.029235
image_1324.jpg,27.818367
image_1325.jpg,11.963723
image_1326.jpg,16.750349
image_1327.jpg,54.24345
image_1328.jpg,8.800354
image_1329.jpg,30.302252
image_133.jpg,36.510834
image_1330.jpg,72.61287
image_1331.jpg,35.669964
image_1332.jpg,44.40382
image_1333.jpg,60.887726
image_1334.jpg,38.04968
image_1335.jpg,47.819324
image_1336.jpg,38.73797
image_1337.jpg,48.134983
image_1338.jpg,25.151112
image_1339.jpg,3.91848
image_134.jpg,27.165928
image_1340.jpg,27.666672
image_1341.jpg,45.708282
image_1342.jpg,27.19479
image_1343.jpg,45.19439
image_1344.jpg,3.0113683
image_1345.jpg,50.395145
image_1346.jpg,34.77486
image_1347.jpg,22.906475
image_1348.jpg,51.8253
image_1349.jpg,41.18248
image_135.jpg,9.912997
image_1350.jpg,67.55249
image_1351.jpg,29.071552
image_1352.jpg,54.583694
image_1353.jpg,36.35736
image_1354.jpg,47.88707
image_1355.jpg,40.152317
image_1356.jpg,1.9023688
image_1357.jpg,25.30588
image_1358.jpg,47.855038
image_1359.jpg,4.1852474
image_136.jpg,26.520712
image_1360.jpg,19.036398
image_1361.jpg,22.692568
image_1362.jpg,50.683426
image_1363.jpg,14.933166
image_1364.jpg,58.837498
image_1365.jpg,54.96677
image_1366.jpg,37.676537
image_1367.jpg,39.707535
image_1368.jpg,65.426865
image_1369.jpg,24.76298
image_137.jpg,26.55412
image_1370.jpg,21.97684
image_1371.jpg,46.155624
image_1372.jpg,32.95023
image_1373.jpg,48.73515
image_1374.jpg,25.102203
image_1375.jpg,51.06236
image_1376.jpg,8.511104
image_1377.jpg,7.6875544
image_1378.jpg,49.09602
image_1379.jpg,0.9184259
image_138.jpg,33.811016
image_1380.jpg,68.16979
image_1381.jpg,4.1206093
image_1382.jpg,64.868324
image_1383.jpg,66.154175
image_1384.jpg,58.436665
image_1385.jpg,61.29229
image_1386.jpg,77.69856
image_1387.jpg,5.3783126
image_1388.jpg,36.98955
image_1389.jpg,36.692398
image_139.jpg,12.750764
image_1390.jpg,8.25508
image_1391.jpg,22.470684
image_1392.jpg,40.27573
image_1393.jpg,7.3608313
image_1394.jpg,2.1764274
image_1395.jpg,11.152657
image_1396.jpg,51.496883
image_1397.jpg,29.753532
image_1398.jpg,55.080414
image_1399.jpg,11.771636
image_14.jpg,44.93112
image_140.jpg,7.6775846
image_1400.jpg,63.82611
image_1401.jpg,50.695423
image_1402.jpg,67.07325
image_1403.jpg,24.485935
image_1404.jpg,24.035358
image_1405.jpg,23.555367
image_1406.jpg,49.414337
image_1407.jpg,30.281406
image_1408.jpg,37.25194
image_1409.jpg,2.3133793
image_141.jpg,50.102726
image_1410.jpg,6.32423
image_1411.jpg,1.3926885
image_1412.jpg,49.111423
image_1413.jpg,18.228556
image_1414.jpg,34.32019
image_1415.jpg,16.62244
image_1416.jpg,43.827427
image_1417.jpg,51.67441
image_1418.jpg,25.1039
image_1419.jpg,11.947106
image_142.jpg,1.3155884
image_1420.jpg,33.14544
image_1421.jpg,48.321537
image_1422.jpg,68.883286
image_1423.jpg,30.70307
image_1424.jpg,25.713348
image_1425.jpg,1.9050891
image_1426.jpg,12.009912
image_1427.jpg,57.258057
image_1428.jpg,7.019018
image_1429.jpg,8.070311
image_143.jpg,16.944118
image_1430.jpg,22.19588
image_1431.jpg,6.856495
image_1432.jpg,8.470932
image_1433.jpg,40.576893
image_1434.jpg,12.179117
image_1435.jpg,39.09864
image_1436.jpg,33.189354
image_1437.jpg,55.163467
image_1438.jpg,33.899273
image_1439.jpg,38.42938
image_144.jpg,10.328022
image_1440.jpg,42.58504
image_1441.jpg,48.555115
image_1442.jpg,7.1397963
image_1443.jpg,34.832542
image_1444.jpg,-0.38147068
image_1445.jpg,21.570263
image_1446.jpg,65.9321
image_1447.jpg,1.4344003
image_1448.jpg,43.879673
image_1449.jpg,20.214464
image_145.jpg,12.019659
image_1450.jpg,0.50383973
image_1451.jpg,21.053686
image_1452.jpg,32.153038
image_1453.jpg,41.32796
image_1454.jpg,23.249296
image_1455.jpg,59.087822
image_1456.jpg,47.609905
image_1457.jpg,75.974464
image_1458.jpg,14.7964525
image_1459.jpg,47.61034
image_146.jpg,53.698425
image_1460.jpg,35.548454
image_1461.jpg,69.06834
image_1462.jpg,34.47718
image_1463.jpg,2.1522503
image_1464.jpg,23.054588
image_1465.jpg,63.45466
image_1466.jpg,11.393272
image_1467.jpg,37.4533
image_1468.jpg,24.42997
image_1469.jpg,25.23103
image_147.jpg,23.493216
image_1470.jpg,29.79902
image_1471.jpg,44.25694
image_1472.jpg,66.53426
image_1473.jpg,25.408638
image_1474.jpg,25.758589
image_1475.jpg,69.19866
image_1476.jpg,70.71524
image_1477.jpg,67.012924
image_1478.jpg,49.016777
image_1479.jpg,35.996456
image_148.jpg,37.335808
image_1480.jpg,33.720654
image_1481.jpg,10.338293
image_1482.jpg,11.370802
image_1483.jpg,49.954765
image_1484.jpg,27.620626
image_1485.jpg,72.12211
image_1486.jpg,43.983963
image_1487.jpg,25.020813
image_1488.jpg,57.173
image_1489.jpg,18.519495
image_149.jpg,51.949852
image_1490.jpg,13.586944
image_1491.jpg,23.65381
image_1492.jpg,25.04797
image_1493.jpg,13.58148
image_1494.jpg,43.114635
image_1495.jpg,72.75822
image_1496.jpg,16.480488
image_1497.jpg,50.579704
image_1498.jpg,30.010502
image_1499.jpg,24.44701
image_15.jpg,36.442905
image_150.jpg,6.206381
image_1500.jpg,35.312145
image_1501.jpg,40.844414
image_1502.jpg,37.404823
image_1503.jpg,10.97438
image_1504.jpg,59.727882
image_1505.jpg,61.76019
image_1506.jpg,66.04292
image_1507.jpg,48.128563
image_1508.jpg,52.154682
image_1509.jpg,45.440712
image_151.jpg,72.160164
image_1510.jpg,25.527237
image_1511.jpg,70.36549
image_1512.jpg,41.971283
image_1513.jpg,36.65953
image_1514.jpg,39.85035
image_1515.jpg,35.995007
image_1516.jpg,53.090622
image_1517.jpg,27.501282
image_1518.jpg,32.711693
image_1519.jpg,15.776566
image_152.jpg,0.57859004
image_1520.jpg,25.494717
image_1521.jpg,13.487776
image_1522.jpg,46.550167
image_1523.jpg,16.636072
image_1524.jpg,68.83383
image_1525.jpg,30.400566
image_1526.jpg,6.7286997
image_1527.jpg,44.689087
image_1528.jpg,49.06194
image_1529.jpg,27.450699
image_153.jpg,24.02612
image_1530.jpg,34.28184
image_1531.jpg,41.66739
image_1532.jpg,50.83336
image_1533.jpg,34.481224
image_1534.jpg,58.700687
image_1535.jpg,22.498756
image_1536.jpg,15.401311
image_1537.jpg,57.721687
image_1538.jpg,40.34487
image_1539.jpg,55.554756
image_154.jpg,82.08678
image_1540.jpg,1.9579622
image_1541.jpg,26.197477
image_1542.jpg,79.745445
image_1543.jpg,62.27999
image_1544.jpg,21.837618
image_1545.jpg,66.91875
image_1546.jpg,29.178509
image_1547.jpg,19.322361
image_1548.jpg,31.429087
image_1549.jpg,59.50765
image_155.jpg,9.594115
image_1550.jpg,17.264305
image_1551.jpg,2.1889918
image_1552.jpg,49.143543
image_1553.jpg,34.789932
image_1554.jpg,39.777702
image_1555.jpg,41.07592
image_1556.jpg,17.922195
image_1557.jpg,35.4771
image_1558.jpg,32.610657
image_1559.jpg,19.174343
image_156.jpg,67.51084
image_1560.jpg,58.00094
image_1561.jpg,38.251625
image_1562.jpg,68.59133
image_1563.jpg,65.47231
image_1564.jpg,40.908306
image_1565.jpg,6.316327
image_1566.jpg,53.142467
image_1567.jpg,53.56758
image_1568.jpg,15.1798115
image_1569.jpg,23.872873
image_157.jpg,39.285595
image_1570.jpg,4.8155246
image_1571.jpg,22.378204
image_1572.jpg,44.709232
image_1573.jpg,0.11465304
image_1574.jpg,25.503166
image_1575.jpg,58.153248
image_1576.jpg,23.840935
image_1577.jpg,10.617156
image_1578.jpg,49.044785
image_1579.jpg,6.5841537
image_158.jpg,28.586067
image_1580.jpg,0.9728041
image_1581.jpg,45.962063
image_1582.jpg,71.57566
image_1583.jpg,28.893843
image_1584.jpg,2.6745298
image_1585.jpg,53.828712
image_1586.jpg,69.17301
image_1587.jpg,56.412693
image_1588.jpg,21.97822
image_1589.jpg,29.245138
image_159.jpg,5.0656652
image_1590.jpg,36.086132
image_1591.jpg,6.61729
image_1592.jpg,10.903575
image_1593.jpg,24.444397
image_1594.jpg,26.24689
image_1595.jpg,51.06703
image_1596.jpg,18.482662
image_1597.jpg,0.51120764
image_1598.jpg,48.780544
image_1599.jpg,58.550224
image_16.jpg,59.17885
image_160.jpg,5.4881625
image_1600.jpg,3.215588
image_1601.jpg,12.77011
image_1602.jpg,77.13106
image_1603.jpg,66.85897
image_1604.jpg,59.347145
image_1605.jpg,54.02446
image_1606.jpg,65.800865
image_1607.jpg,1.350452
image_1608.jpg,23.78667
image_1609.jpg,58.007275
image_161.jpg,27.184725
image_1610.jpg,68.682594
image_1611.jpg,58.674156
image_1612.jpg,66.352974
image_1613.jpg,15.337289
image_1614.jpg,48.385155
image_1615.jpg,41.18366
image_1616.jpg,12.294899
image_1617.jpg,70.36793
image_1618.jpg,34.99299
image_1619.jpg,35.647686
image_162.jpg,9.964189
image_1620.jpg,60.93711
image_1621.jpg,28.617872
image_1622.jpg,64.13711
image_1623.jpg,31.249243
image_1624.jpg,50.373573
image_1625.jpg,24.227869
image_1626.jpg,39.243088
image_1627.jpg,58.93532
image_1628.jpg,36.02268
image_1629.jpg,15.447085
image_163.jpg,47.85159
image_1630.jpg,1.8999135
image_1631.jpg,54.187065
image_1632.jpg,73.26294
image_1633.jpg,68.30112
image_1634.jpg,42.49444
image_1635.jpg,26.48705
image_1636.jpg,55.948895
image_1637.jpg,3.5286007
image_1638.jpg,15.067154
image_1639.jpg,26.375317
image_164.jpg,11.075431
image_1640.jpg,27.185717
image_1641.jpg,23.54906
image_1642.jpg,9.136746
image_1643.jpg,12.59482
image_1644.jpg,52.24718
image_1645.jpg,62.829117
image_1646.jpg,8.552662
image_1647.jpg,28.722181
image_1648.jpg,72.59692
image_1649.jpg,48.980534
image_165.jpg,65.87166
image_1650.jpg,12.946074
image_1651.jpg,53.913548
image_1652.jpg,17.0772
image_1653.jpg,25.824196
image_1654.jpg,25.84778
image_1655.jpg,12.211596
image_1656.jpg,18.98586
image_1657.jpg,13.732884
image_1658.jpg,63.61947
image_1659.jpg,71.65512
image_166.jpg,49.840958
image_1660.jpg,47.431175
image_1661.jpg,1.8547295
image_1662.jpg,40.7109
image_1663.jpg,47.822205
image_1664.jpg,6.920312
image_1665.jpg,46.06313
image_1666.jpg,41.69242
image_1667.jpg,57.201218
image_1668.jpg,38.486507
image_1669.jpg,45.43395
image_167.jpg,32.020557
image_1670.jpg,53.780476
image_1671.jpg,7.1192913
image_1672.jpg,44.286533
image_1673.jpg,7.016045
image_1674.jpg,57.461075
image_1675.jpg,54.5884
image_1676.jpg,50.134384
image_1677.jpg,52.602818
image_1678.jpg,31.459505
image_1679.jpg,41.36186
image_168.jpg,48.08354
image_1680.jpg,29.846786
image_1681.jpg,34.86275
image_1682.jpg,37.120296
image_1683.jpg,24.05952
image_1684.jpg,6.525485
image_1685.jpg,1.2680055
image_1686.jpg,2.2291112
image_1687.jpg,42.383926
image_1688.jpg,5.5315113
image_1689.jpg,34.414265
image_169.jpg,4.231715
image_1690.jpg,55.75449
image_1691.jpg,46.876923
image_1692.jpg,31.224228
image_1693.jpg,14.728651
image_1694.jpg,24.619638
image_1695.jpg,26.344328
image_1696.jpg,21.813002
image_1697.jpg,62.221954
image_1698.jpg,33.459167
image_1699.jpg,71.369736
image_17.jpg,78.57933
image_170.jpg,35.024452
image_1700.jpg,59.18542
image_1701.jpg,57.01569
image_1702.jpg,38.855633
image_1703.jpg,47.88369
image_1704.jpg,30.876015
image_1705.jpg,25.913044
image_1706.jpg,68.31356
image_1707.jpg,1.9149853
image_1708.jpg,0.93154705
image_1709.jpg,44.782043
image_171.jpg,54.05132
image_1710.jpg,25.025635
image_1711.jpg,55.377243
image_1712.jpg,47.094845
image_1713.jpg,64.97495
image_1714.jpg,20.669939
image_1715.jpg,27.00041
image_1716.jpg,5.9472275
image_1717.jpg,8.201387
image_1718.jpg,19.98914
image_1719.jpg,70.82313
image_172.jpg,61.864807
image_1720.jpg,56.384624
image_1721.jpg,44.24449
image_1722.jpg,9.304933
image_1723.jpg,1.142071
image_1724.jpg,22.399275
image_1725.jpg,13.373575
image_1726.jpg,53.668056
image_1727.jpg,71.95008
image_1728.jpg,2.5012865
image_1729.jpg,63.99723
image_173.jpg,15.019142
image_1730.jpg,27.789467
image_1731.jpg,11.019897
image_1732.jpg,65.06675
image_1733.jpg,36.361366
image_1734.jpg,35.33282
image_1735.jpg,24.632952
image_1736.jpg,53.244347
image_1737.jpg,4.1992245
image_1738.jpg,59.838093
image_1739.jpg,30.839863
image_174.jpg,12.650168
image_1740.jpg,45.800705
image_1741.jpg,13.887448
image_1742.jpg,70.951904
image_1743.jpg,3.5578597
image_1744.jpg,25.810442
image_1745.jpg,45.126125
image_1746.jpg,4.149355
image_1747.jpg,20.416077
image_1748.jpg,36.72915
image_1749.jpg,9.468581
image_175.jpg,25.666714
image_1750.jpg,57.636246
image_1751.jpg,9.386112
image_1752.jpg,8.976313
image_1753.jpg,32.664257
image_1754.jpg,38.270473
image_1755.jpg,65.17376
image_1756.jpg,38.531837
image_1757.jpg,52.81746
image_1758.jpg,52.160805
image_1759.jpg,65.24872
image_176.jpg,29.082952
image_1760.jpg,72.75737
image_1761.jpg,35.044327
image_1762.jpg,31.041847
image_1763.jpg,13.0309725
image_1764.jpg,24.905794
image_1765.jpg,17.979158
image_1766.jpg,62.805984
image_1767.jpg,62.800846
image_1768.jpg,53.49594
image_1769.jpg,79.3841
image_177.jpg,28.602474
image_1770.jpg,69.12587
image_1771.jpg,26.428246
image_1772.jpg,25.21914
image_1773.jpg,52.929848
image_1774.jpg,65.86067
image_1775.jpg,68.09163
image_1776.jpg,2.593719
image_1777.jpg,0.5190165
image_1778.jpg,41.93896
image_1779.jpg,55.65119
image_178.jpg,52.524326
image_1780.jpg,6.9973154
image_1781.jpg,16.183065
image_1782.jpg,23.779524
image_1783.jpg,49.698574
image_1784.jpg,53.821384
image_1785.jpg,3.7553682
image_1786.jpg,1.3126427
image_1787.jpg,60.816685
image_1788.jpg,20.728073
image_1789.jpg,63.097332
image_179.jpg,40.76808
image_1790.jpg,54.89634
image_1791.jpg,62.43462
image_1792.jpg,70.787865
image_1793.jpg,9.764529
image_1794.jpg,72.88749
image_1795.jpg,11.895404
image_1796.jpg,43.15648
image_1797.jpg,25.666021
image_1798.jpg,27.539934
image_1799.jpg,26.320004
image_18.jpg,35.76435
image_180.jpg,26.001635
image_1800.jpg,38.40126
image_1801.jpg,56.282272
image_1802.jpg,27.318111
image_1803.jpg,65.73122
image_1804.jpg,44.02862
image_1805.jpg,56.41413
image_1806.jpg,65.39545
image_1807.jpg,1.2860143
image_1808.jpg,13.735007
image_1809.jpg,84.7703
image_181.jpg,83.2187
image_1810.jpg,27.77319
image_1811.jpg,26.99616
image_1812.jpg,64.41219
image_1813.jpg,10.207909
image_1814.jpg,23.07637
image_1815.jpg,6.7407928
image_1816.jpg,25.137207
image_1817.jpg,43.145924
image_1818.jpg,8.857891
image_1819.jpg,74.85117
image_182.jpg,53.280136
image_1820.jpg,58.446766
image_1821.jpg,52.82789
image_1822.jpg,55.275223
image_1823.jpg,80.25997
image_1824.jpg,7.7456
image_1825.jpg,40.08148
image_1826.jpg,13.352154
image_1827.jpg,4.2020407
image_1828.jpg,58.160873
image_1829.jpg,32.7815
image_183.jpg,48.56945
image_1830.jpg,11.09316
image_1831.jpg,11.340283
image_1832.jpg,68.19126
image_1833.jpg,60.633682
image_1834.jpg,39.203186
image_1835.jpg,29.452398
image_1836.jpg,21.472908
image_1837.jpg,15.018872
image_1838.jpg,66.29493
image_1839.jpg,36.915215
image_184.jpg,53.966442
image_1840.jpg,63.97276
image_1841.jpg,2.4457812
image_1842.jpg,32.119003
image_1843.jpg,5.303728
image_1844.jpg,46.103584
image_1845.jpg,34.300934
image_1846.jpg,43.232674
image_1847.jpg,50.000538
image_1848.jpg,30.550896
image_1849.jpg,67.531624
image_185.jpg,1.1569434
image_1850.jpg,63.490437
image_1851.jpg,16.299051
image_1852.jpg,42.727005
image_1853.jpg,26.03218
image_1854.jpg,68.9188
image_1855.jpg,16.134663
image_1856.jpg,57.82862
image_1857.jpg,9.063197
image_1858.jpg,28.45205
image_1859.jpg,60.25767
image_186.jpg,30.904726
image_1860.jpg,36.768173
image_1861.jpg,62.633247
image_1862.jpg,55.476105
image_1863.jpg,36.425785
image_1864.jpg,48.04888
image_1865.jpg,22.7676
image_1866.jpg,52.064587
image_1867.jpg,20.812742
image_1868.jpg,41.84063
image_1869.jpg,10.090862
image_187.jpg,32.662476
image_1870.jpg,29.486006
image_1871.jpg,53.55244
image_1872.jpg,55.414536
image_1873.jpg,42.285877
image_1874.jpg,37.837757
image_1875.jpg,47.961475
image_1876.jpg,18.35979
image_1877.jpg,33.016624
image_1878.jpg,56.415825
image_1879.jpg,25.435692
image_188.jpg,40.503517
image_1880.jpg,22.608181
image_1881.jpg,5.1909494
image_1882.jpg,53.872993
image_1883.jpg,59.416443
image_1884.jpg,40.74404
image_1885.jpg,60.054703
image_1886.jpg,61.167873
image_1887.jpg,62.31925
image_1888.jpg,59.697487
image_1889.jpg,64.04347
image_189.jpg,61.60553
image_1890.jpg,30.113983
image_1891.jpg,1.0028365
image_1892.jpg,9.487994
image_1893.jpg,63.5614
image_1894.jpg,51.009464
image_1895.jpg,0.37421727
image_1896.jpg,68.005646
image_1897.jpg,60.40335
image_1898.jpg,58.52359
image_1899.jpg,20.685099
image_19.jpg,8.26624
image_190.jpg,39.892513
image_1900.jpg,70.22923
image_1901.jpg,32.881317
image_1902.jpg,60.750126
image_1903.jpg,29.621443
image_1904.jpg,22.49409
image_1905.jpg,12.098726
image_1906.jpg,59.59408
image_1907.jpg,52.756042
image_1908.jpg,77.360695
image_1909.jpg,6.347562
image_191.jpg,25.278387
image_1910.jpg,36.444935
image_1911.jpg,6.7325873
image_1912.jpg,1.3435007
image_1913.jpg,45.801556
image_1914.jpg,46.763607
image_1915.jpg,29.879366
image_1916.jpg,40.386055
image_1917.jpg,36.837185
image_1918.jpg,28.142988
image_1919.jpg,4.29108
image_192.jpg,39.123497
image_1920.jpg,40.22012
image_1921.jpg,34.463943
image_1922.jpg,50.497932
image_1923.jpg,40.581173
image_1924.jpg,51.777527
image_1925.jpg,31.001888
image_1926.jpg,19.82412
image_1927.jpg,72.54115
image_1928.jpg,30.569103
image_1929.jpg,29.449259
image_193.jpg,26.92979
image_1930.jpg,65.38133
image_1931.jpg,14.91041
image_1932.jpg,14.908037
image_1933.jpg,62.039276
image_1934.jpg,57.630062
image_1935.jpg,27.023277
image_1936.jpg,4.004603
image_1937.jpg,45.67026
image_1938.jpg,34.222893
image_1939.jpg,74.039024
image_194.jpg,6.505549
image_1940.jpg,58.323334
image_1941.jpg,6.700003
image_1942.jpg,0.50087273
image_1943.jpg,7.914582
image_1944.jpg,50.119934
image_1945.jpg,37.90862
image_1946.jpg,26.395365
image_1947.jpg,57.71331
image_1948.jpg,50.409454
image_1949.jpg,67.13608
image_195.jpg,6.6459284
image_196.jpg,17.123608
image_197.jpg,9.081824
image_198.jpg,79.0806
image_199.jpg,30.713453
image_2.jpg,68.17066
image_20.jpg,74.29637
image_200.jpg,19.615705
image_201.jpg,77.486275
image_202.jpg,49.298763
image_203.jpg,65.549545
image_204.jpg,23.836424
image_205.jpg,60.518642
image_206.jpg,26.094501
image_207.jpg,48.617188
image_208.jpg,24.802736
image_209.jpg,23.800419
image_21.jpg,8.685632
image_210.jpg,54.73308
image_211.jpg,54.389744
image_212.jpg,51.35462
image_213.jpg,26.147535
image_214.jpg,42.04145
image_215.jpg,28.25852
image_216.jpg,41.015217
image_217.jpg,29.54428
image_218.jpg,58.838184
image_219.jpg,9.470201
image_22.jpg,37.729004
image_220.jpg,42.07242
image_221.jpg,24.08666
image_222.jpg,15.019725
image_223.jpg,58.97386
image_224.jpg,22.551676
image_225.jpg,55.52936
image_226.jpg,61.700394
image_227.jpg,81.74427
image_228.jpg,79.127785
image_229.jpg,42.924763
image_23.jpg,29.572191
image_230.jpg,46.77411
image_231.jpg,39.5795
image_232.jpg,74.497955
image_233.jpg,36.245842
image_234.jpg,37.91746
image_235.jpg,41.159
image_236.jpg,70.952934
image_237.jpg,58.211
image_238.jpg,28.436188
image_239.jpg,7.201199
image_24.jpg,43.11381
image_240.jpg,46.755817
image_241.jpg,39.11391
image_242.jpg,30.889238
image_243.jpg,24.452864
image_244.jpg,19.531572
image_245.jpg,25.207817
image_246.jpg,55.615643
image_247.jpg,33.847324
image_248.jpg,2.0302885
image_249.jpg,36.70438
image_25.jpg,54.468174
image_250.jpg,44.925995
image_251.jpg,22.457386
image_252.jpg,7.193133
image_253.jpg,24.751814
image_254.jpg,15.4468155
image_255.jpg,48.711834
image_256.jpg,12.049359
image_257.jpg,35.790466
image_258.jpg,52.01717
image_259.jpg,63.434166
image_26.jpg,32.63882
image_260.jpg,40.141697
image_261.jpg,28.766485
image_262.jpg,17.67602
image_263.jpg,20.86904
image_264.jpg,29.579624
image_265.jpg,58.69227
image_266.jpg,44.509964
image_267.jpg,5.401675
image_268.jpg,22.236156
image_269.jpg,54.417652
image_27.jpg,4.997933
image_270.jpg,14.783767
image_271.jpg,8.0916815
image_272.jpg,55.409702
image_273.jpg,38.206886
image_274.jpg,69.72146
image_275.jpg,19.559752
image_276.jpg,26.60967
image_277.jpg,24.516304
image_278.jpg,25.09834
image_279.jpg,35.868565
image_28.jpg,6.0691104
image_280.jpg,49.516018
image_281.jpg,56.369583
image_282.jpg,8.688542
image_283.jpg,33.758774
image_284.jpg,61.696342
image_285.jpg,49.212612
image_286.jpg,24.872078
image_287.jpg,21.141237
image_288.jpg,57.71036
image_289.jpg,27.554459
image_29.jpg,24.195993
image_290.jpg,52.10975
image_291.jpg,24.932278
image_292.jpg,1.1962798
image_293.jpg,23.560125
image_294.jpg,13.37607
image_295.jpg,30.998789
image_296.jpg,1.202773
image_297.jpg,45.41513
image_298.jpg,17.646938
image_299.jpg,22.443285
image_3.jpg,59.946457
image_30.jpg,53.952793
image_300.jpg,22.35385
image_301.jpg,4.9594145
image_302.jpg,71.02936
image_303.jpg,72.752815
image_304.jpg,46.40855
image_305.jpg,56.00497
image_306.jpg,25.556728
image_307.jpg,58.916103
image_308.jpg,43.443417
image_309.jpg,24.916203
image_31.jpg,3.0130374
image_310.jpg,7.374153
image_311.jpg,30.871613
image_312.jpg,31.64621
image_313.jpg,42.896156
image_314.jpg,61.052944
image_315.jpg,26.197048
image_316.jpg,36.288513
image_317.jpg,63.4579
image_318.jpg,8.860608
image_319.jpg,65.756386
image_32.jpg,62.016773
image_320.jpg,33.20212
image_321.jpg,57.524837
image_322.jpg,57.48015
image_323.jpg,36.519165
image_324.jpg,28.751587
image_325.jpg,71.751114
image_326.jpg,69.08552
image_327.jpg,72.530945
image_328.jpg,52.860783
image_329.jpg,21.271935
image_33.jpg,19.968208
image_330.jpg,59.94502
image_331.jpg,45.096893
image_332.jpg,69.76521
image_333.jpg,2.299242
image_334.jpg,37.5312
image_335.jpg,29.935669
image_336.jpg,64.809166
image_337.jpg,50.691654
image_338.jpg,53.161232
image_339.jpg,68.22954
image_34.jpg,48.233315
image_340.jpg,40.54945
image_341.jpg,43.605698
image_342.jpg,32.913773
image_343.jpg,14.56003
image_344.jpg,66.439156
image_345.jpg,68.69318
image_346.jpg,7.6410813
image_347.jpg,62.633316
image_348.jpg,33.44547
image_349.jpg,23.088612
image_35.jpg,4.8103294
image_350.jpg,26.043617
image_351.jpg,71.53985
image_352.jpg,38.74892
image_353.jpg,32.683586
image_354.jpg,21.589315
image_355.jpg,1.6141797
image_356.jpg,25.00103
image_357.jpg,5.480615
image_358.jpg,33.17411
image_359.jpg,69.9906
image_36.jpg,28.272942
image_360.jpg,17.652596
image_361.jpg,40.172276
image_362.jpg,57.74516
image_363.jpg,53.87545
image_364.jpg,8.427157
image_365.jpg,53.1063
image_366.jpg,21.88122
image_367.jpg,44.55804
image_368.jpg,54.218422
image_369.jpg,61.564808
image_37.jpg,51.077362
image_370.jpg,22.201815
image_371.jpg,47.735474
image_372.jpg,47.002857
image_373.jpg,30.598282
image_374.jpg,41.845325
image_375.jpg,13.443829
image_376.jpg,62.74684
image_377.jpg,11.170249
image_378.jpg,68.82441
image_379.jpg,52.518925
image_38.jpg,9.3964
image_380.jpg,53.70309
image_381.jpg,40.47207
image_382.jpg,14.934524
image_383.jpg,68.972435
image_384.jpg,24.368946
image_385.jpg,69.951
image_386.jpg,50.898876
image_387.jpg,11.408922
image_388.jpg,30.628647
image_389.jpg,0.32723486
image_39.jpg,17.372322
image_390.jpg,25.342243
image_391.jpg,18.829845
image_392.jpg,8.07414
image_393.jpg,31.75922
image_394.jpg,4.7484627
image_395.jpg,6.1289864
image_396.jpg,28.693712
image_397.jpg,14.85127
image_398.jpg,18.179855
image_399.jpg,42.951942
image_4.jpg,31.930218
image_40.jpg,76.84268
image_400.jpg,44.90631
image_401.jpg,54.13836
image_402.jpg,30.10984
image_403.jpg,49.474
image_404.jpg,60.191067
image_405.jpg,30.84231
image_406.jpg,30.229937
image_407.jpg,4.608805
image_408.jpg,43.268906
image_409.jpg,24.492214
image_41.jpg,70.22011
image_410.jpg,73.01627
image_411.jpg,24.32099
image_412.jpg,23.282562
image_413.jpg,47.318672
image_414.jpg,73.024216
image_415.jpg,18.497723
image_416.jpg,55.55943
image_417.jpg,33.998734
image_418.jpg,23.953104
image_419.jpg,11.676976
image_42.jpg,48.746525
image_420.jpg,0.016827457
image_421.jpg,4.249911
image_422.jpg,27.50694
image_423.jpg,2.3314052
image_424.jpg,71.47503
image_425.jpg,1.5074831
image_426.jpg,58.940575
image_427.jpg,23.570082
image_428.jpg,41.813377
image_429.jpg,18.120922
image_43.jpg,61.540718
image_430.jpg,28.328781
image_431.jpg,23.396053
image_432.jpg,66.86618
image_433.jpg,35.411816
image_434.jpg,81.98921
image_435.jpg,23.95345
image_436.jpg,64.11132
image_437.jpg,28.30976
image_438.jpg,61.740448
image_439.jpg,12.414705
image_44.jpg,47.26149
image_440.jpg,32.24168
image_441.jpg,33.480225
image_442.jpg,35.246582
image_443.jpg,19.525331
image_444.jpg,52.212383
image_445.jpg,20.272137
image_446.jpg,8.622251
image_447.jpg,59.52406
image_448.jpg,23.170982
image_449.jpg,61.68027
image_45.jpg,59.365227
image_450.jpg,58.167934
image_451.jpg,35.78127
image_452.jpg,60.413174
image_453.jpg,18.128973
image_454.jpg,39.72654
image_455.jpg,27.930534
image_456.jpg,46.429222
image_457.jpg,31.451765
image_458.jpg,38.009415
image_459.jpg,1.3594579
image_46.jpg,13.580166
image_460.jpg,39.598457
image_461.jpg,27.607464
image_462.jpg,63.46245
image_463.jpg,13.250038
image_464.jpg,2.3570018
image_465.jpg,80.60469
image_466.jpg,39.588486
image_467.jpg,75.59821
image_468.jpg,61.092724
image_469.jpg,35.72602
image_47.jpg,73.920456
image_470.jpg,23.4529
image_471.jpg,24.555326
image_472.jpg,46.6936
image_473.jpg,10.7406435
image_474.jpg,49.269066
image_475.jpg,19.03485
image_476.jpg,75.23615
image_477.jpg,31.554813
image_478.jpg,0.118537776
image_479.jpg,0.045794003
image_48.jpg,23.518148
image_480.jpg,40.046364
image_481.jpg,31.302633
image_482.jpg,55.847164
image_483.jpg,18.21372
image_484.jpg,6.514689
image_485.jpg,61.055023
image_486.jpg,48.79094
image_487.jpg,5.82088
image_488.jpg,37.240322
image_489.jpg,58.82969
image_49.jpg,2.3371096
image_490.jpg,15.305709
image_491.jpg,57.723545
image_492.jpg,70.841125
image_493.jpg,63.634846
image_494.jpg,11.947471
image_495.jpg,50.136204
image_496.jpg,23.613462
image_497.jpg,16.344498
image_498.jpg,19.640882
image_499.jpg,49.34532
image_5.jpg,64.73361
image_50.jpg,39.607838
image_500.jpg,4.420216
image_501.jpg,69.63975
image_502.jpg,76.35885
image_503.jpg,40.858105
image_504.jpg,28.584164
image_505.jpg,53.719513
image_506.jpg,28.273577
image_507.jpg,16.217289
image_508.jpg,28.53342
image_509.jpg,50.668407
image_51.jpg,30.347271
image_510.jpg,81.354866
image_511.jpg,20.303171
image_512.jpg,52.55363
image_513.jpg,0.58252287
image_514.jpg,23.78276
image_515.jpg,11.831287
image_516.jpg,52.878593
image_517.jpg,24.072678
image_518.jpg,3.0715892
image_519.jpg,57.425056
image_52.jpg,28.48632
image_520.jpg,-0.058574744
image_521.jpg,3.468391
image_522.jpg,79.07455
image_523.jpg,62.980724
image_524.jpg,28.484392
image_525.jpg,25.481236
image_526.jpg,12.421672
image_527.jpg,55.7152
image_528.jpg,39.740723
image_529.jpg,34.686985
image_53.jpg,32.057114
image_530.jpg,76.69378
image_531.jpg,59.530907
image_532.jpg,46.958836
image_533.jpg,15.370326
image_534.jpg,25.200853
image_535.jpg,48.182816
image_536.jpg,34.99533
image_537.jpg,39.09952
image_538.jpg,28.602737
image_539.jpg,49.27253
image_54.jpg,6.731754
image_540.jpg,48.562828
image_541.jpg,62.93602
image_542.jpg,6.859484
image_543.jpg,53.481197
image_544.jpg,54.24649
image_545.jpg,13.311896
image_546.jpg,62.396168
image_547.jpg,24.29886
image_548.jpg,9.391547
image_549.jpg,19.231096
image_55.jpg,27.05071
image_550.jpg,72.30234
image_551.jpg,66.72495
image_552.jpg,28.370672
image_553.jpg,30.950357
image_554.jpg,52.426216
image_555.jpg,81.84466
image_556.jpg,8.929171
image_557.jpg,69.5067
image_558.jpg,45.40009
image_559.jpg,59.135113
image_56.jpg,53.5445
image_560.jpg,56.606182
image_561.jpg,44.013958
image_562.jpg,26.55605
image_563.jpg,57.194786
image_564.jpg,11.459992
image_565.jpg,41.989456
image_566.jpg,15.310379
image_567.jpg,62.850506
image_568.jpg,39.32665
image_569.jpg,2.6131594
image_57.jpg,24.487474
image_570.jpg,11.960593
image_571.jpg,28.425673
image_572.jpg,37.877033
image_573.jpg,26.749104
image_574.jpg,58.51267
image_575.jpg,27.607567
image_576.jpg,39.013523
image_577.jpg,42.847233
image_578.jpg,43.571533
image_579.jpg,73.18288
image_58.jpg,6.889826
image_580.jpg,68.06642
image_581.jpg,37.217102
image_582.jpg,66.62395
image_583.jpg,11.461218
image_584.jpg,57.12911
image_585.jpg,24.5503
image_586.jpg,49.249092
image_587.jpg,47.451916
image_588.jpg,61.313637
image_589.jpg,49.715946
image_59.jpg,45.824196
image_590.jpg,15.801664
image_591.jpg,47.91966
image_592.jpg,57.25361
image_593.jpg,27.817783
image_594.jpg,68.92827
image_595.jpg,26.116339
image_596.jpg,41.695026
image_597.jpg,47.694614
image_598.jpg,57.187325
image_599.jpg,70.3503
image_6.jpg,13.341471
image_60.jpg,43.522182
image_600.jpg,33.519157
image_601.jpg,23.951977
image_602.jpg,61.689686
image_603.jpg,70.2164
image_604.jpg,53.350178
image_605.jpg,47.582733
image_606.jpg,10.140144
image_607.jpg,43.686905
image_608.jpg,44.741013
image_609.jpg,30.663595
image_61.jpg,45.576054
image_610.jpg,41.691616
image_611.jpg,53.428967
image_612.jpg,13.17207
image_613.jpg,71.695854
image_614.jpg,35.870697
image_615.jpg,50.00842
image_616.jpg,39.289776
image_617.jpg,56.059906
image_618.jpg,53.2246
image_619.jpg,30.926033
image_62.jpg,13.426518
image_620.jpg,8.132847
image_621.jpg,28.469591
image_622.jpg,21.068203
image_623.jpg,9.7243
image_624.jpg,9.04659
image_625.jpg,73.62293
image_626.jpg,0.49779934
image_627.jpg,59.960052
image_628.jpg,7.507455
image_629.jpg,26.12309
image_63.jpg,47.51907
image_630.jpg,51.073723
image_631.jpg,0.2654351
image_632.jpg,26.600988
image_633.jpg,35.250057
image_634.jpg,18.385393
image_635.jpg,19.634466
image_636.jpg,26.684267
image_637.jpg,25.825161
image_638.jpg,49.47694
image_639.jpg,37.039444
image_64.jpg,35.11119
image_640.jpg,36.648483
image_641.jpg,26.086206
image_642.jpg,24.74335
image_643.jpg,0.43781626
image_644.jpg,11.685325
image_645.jpg,58.7409
image_646.jpg,72.22678
image_647.jpg,84.23676
image_648.jpg,24.221798
image_649.jpg,19.95056
image_65.jpg,8.358739
image_650.jpg,4.9281797
image_651.jpg,40.613342
image_652.jpg,52.690083
image_653.jpg,30.828499
image_654.jpg,7.3284516
image_655.jpg,45.082195
image_656.jpg,52.011074
image_657.jpg,62.857098
image_658.jpg,35.540337
image_659.jpg,3.727529
image_66.jpg,59.03647
image_660.jpg,4.6687584
image_661.jpg,74.9971
image_662.jpg,24.96397
image_663.jpg,24.214962
image_664.jpg,18.521366
image_665.jpg,26.63456
image_666.jpg,17.841469
image_667.jpg,54.51012
image_668.jpg,55.15324
image_669.jpg,44.254128
image_67.jpg,26.18684
image_670.jpg,19.70214
image_671.jpg,26.043186
image_672.jpg,31.547112
image_673.jpg,58.484127
image_674.jpg,53.727077
image_675.jpg,2.2841082
image_676.jpg,12.592394
image_677.jpg,78.1511
image_678.jpg,56.92976
image_679.jpg,13.891907
image_68.jpg,70.99885
image_680.jpg,9.909294
image_681.jpg,31.930729
image_682.jpg,28.118105
image_683.jpg,59.375027
image_684.jpg,33.99388
image_685.jpg,48.44266
image_686.jpg,63.61801
image_687.jpg,29.9419
image_688.jpg,41.265774
image_689.jpg,56.921284
image_69.jpg,25.037031
image_690.jpg,37.124504
image_691.jpg,16.813026
image_692.jpg,55.333538
image_693.jpg,60.65374
image_694.jpg,36.865005
image_695.jpg,8.097566
image_696.jpg,43.964237
image_697.jpg,35.090267
image_698.jpg,78.04631
image_699.jpg,51.348625
image_7.jpg,58.263943
image_70.jpg,10.411508
image_700.jpg,8.51523
image_701.jpg,22.249195
image_702.jpg,23.048681
image_703.jpg,46.53519
image_704.jpg,28.01377
image_705.jpg,77.98226
image_706.jpg,25.349152
image_707.jpg,2.8045447
image_708.jpg,18.386385
image_709.jpg,19.381533
image_71.jpg,31.97844
image_710.jpg,8.381238
image_711.jpg,68.75571
image_712.jpg,58.62193
image_713.jpg,36.069847
image_714.jpg,58.724598
image_715.jpg,55.757168
image_716.jpg,3.7400753
image_717.jpg,64.03085
image_718.jpg,24.181656
image_719.jpg,25.666533
image_72.jpg,21.234293
image_720.jpg,56.458126
image_721.jpg,57.620388
image_722.jpg,13.01683
image_723.jpg,32.596817
image_724.jpg,28.345211
image_725.jpg,35.704784
image_726.jpg,26.526964
image_727.jpg,47.65888
image_728.jpg,43.05833
image_729.jpg,19.266293
image_73.jpg,54.092583
image_730.jpg,34.393826
image_731.jpg,60.255955
image_732.jpg,18.193169
image_733.jpg,28.875025
image_734.jpg,77.75157
image_735.jpg,19.991566
image_736.jpg,32.956898
image_737.jpg,18.58539
image_738.jpg,28.681824
image_739.jpg,63.959373
image_74.jpg,11.838063
image_740.jpg,31.174393
image_741.jpg,1.9002004
image_742.jpg,52.268528
image_743.jpg,50.811096
image_744.jpg,35.588203
image_745.jpg,61.441517
image_746.jpg,23.009155
image_747.jpg,51.41965
image_748.jpg,12.253909
image_749.jpg,37.39237
image_75.jpg,1.4557316
image_750.jpg,18.65097
image_751.jpg,2.270702
image_752.jpg,30.327568
image_753.jpg,27.938202
image_754.jpg,32.528427
image_755.jpg,72.08794
image_756.jpg,62.015934
image_757.jpg,7.3742266
image_758.jpg,34.74993
image_759.jpg,24.20613
image_76.jpg,65.2774
image_760.jpg,32.178417
image_761.jpg,47.127125
image_762.jpg,50.88027
image_763.jpg,59.605484
image_764.jpg,23.595732
image_765.jpg,55.021343
image_766.jpg,31.7636
image_767.jpg,43.088882
image_768.jpg,38.714806
image_769.jpg,67.84362
image_77.jpg,4.77738
image_770.jpg,48.82959
image_771.jpg,5.979652
image_772.jpg,68.48485
image_773.jpg,25.432095
image_774.jpg,49.36225
image_775.jpg,46.247528
image_776.jpg,20.416208
image_777.jpg,53.555256
image_778.jpg,26.758503
image_779.jpg,50.68373
image_78.jpg,88.70026
image_780.jpg,25.972029
image_781.jpg,24.313148
image_782.jpg,17.793697
image_783.jpg,0.18258631
image_784.jpg,32.040478
image_785.jpg,55.81317
image_786.jpg,52.401947
image_787.jpg,62.579376
image_788.jpg,66.74453
image_789.jpg,61.608376
image_79.jpg,42.99819
image_790.jpg,30.562105
image_791.jpg,47.313694
image_792.jpg,23.852541
image_793.jpg,31.422165
image_794.jpg,5.2994833
image_795.jpg,0.09128129
image_796.jpg,22.179914
image_797.jpg,75.2714
image_798.jpg,56.216198
image_799.jpg,15.269001
image_8.jpg,30.137545
image_80.jpg,22.803038
image_800.jpg,58.761177
image_801.jpg,52.48919
image_802.jpg,47.24815
image_803.jpg,32.99358
image_804.jpg,25.370047
image_805.jpg,28.998924
image_806.jpg,16.64396
image_807.jpg,29.211357
image_808.jpg,58.818295
image_809.jpg,65.67759
image_81.jpg,69.26991
image_810.jpg,18.285639
image_811.jpg,51.89044
image_812.jpg,55.365005
image_813.jpg,14.561288
image_814.jpg,29.868628
image_815.jpg,13.317222
image_816.jpg,30.479725
image_817.jpg,32.011734
image_818.jpg,53.432854
image_819.jpg,68.11286
image_82.jpg,60.21042
image_820.jpg,25.504065
image_821.jpg,48.13706
image_822.jpg,15.558393
image_823.jpg,48.169807
image_824.jpg,47.157158
image_825.jpg,14.86166
image_826.jpg,58.203053
image_827.jpg,39.57203
image_828.jpg,41.33153
image_829.jpg,31.637453
image_83.jpg,15.025869
image_830.jpg,1.861009
image_831.jpg,2.4534156
image_832.jpg,10.2374325
image_833.jpg,1.10609
image_834.jpg,80.15593
image_835.jpg,9.295877
image_836.jpg,24.769972
image_837.jpg,4.765728
image_838.jpg,46.33785
image_839.jpg,3.1366549
image_84.jpg,55.768387
image_840.jpg,4.324082
image_841.jpg,48.59965
image_842.jpg,23.712568
image_843.jpg,69.01431
image_844.jpg,34.586395
image_845.jpg,12.95067
image_846.jpg,0.28711134
image_847.jpg,0.7801611
image_848.jpg,39.10729
image_849.jpg,31.17747
image_85.jpg,9.446813
image_850.jpg,22.682709
image_851.jpg,37.353542
image_852.jpg,63.73225
image_853.jpg,21.117605
image_854.jpg,53.516773
image_855.jpg,41.821976
image_856.jpg,38.828545
image_857.jpg,68.27449
image_858.jpg,20.276228
image_859.jpg,38.868965
image_86.jpg,13.686746
image_860.jpg,59.375027
image_861.jpg,26.471767
image_862.jpg,9.664399
image_863.jpg,46.81145
image_864.jpg,12.19959
image_865.jpg,14.92538
image_866.jpg,15.978276
image_867.jpg,64.812065
image_868.jpg,41.26802
image_869.jpg,47.849697
image_87.jpg,53.092136
image_870.jpg,30.876415
image_871.jpg,50.46527
image_872.jpg,64.824486
image_873.jpg,76.9725
image_874.jpg,33.552902
image_875.jpg,65.76536
image_876.jpg,36.598324
image_877.jpg,8.831843
image_878.jpg,29.362038
image_879.jpg,33.848812
image_88.jpg,81.25768
image_880.jpg,57.00536
image_881.jpg,70.062584
image_882.jpg,45.307156
image_883.jpg,75.23384
image_884.jpg,57.255337
image_885.jpg,54.069477
image_886.jpg,28.142538
image_887.jpg,24.721556
image_888.jpg,23.765785
image_889.jpg,28.780529
image_89.jpg,14.499118
image_890.jpg,58.765747
image_891.jpg,32.787178
image_892.jpg,33.02045
image_893.jpg,31.054787
image_894.jpg,38.00099
image_895.jpg,48.711845
image_896.jpg,0.24676526
image_897.jpg,27.636778
image_898.jpg,46.410454
image_899.jpg,47.172935
image_9.jpg,8.031959
image_90.jpg,42.75452
image_900.jpg,25.41432
image_901.jpg,19.723774
image_902.jpg,55.180298
image_903.jpg,46.751144
image_904.jpg,39.482838
image_905.jpg,42.07143
image_906.jpg,45.94817
image_907.jpg,24.613722
image_908.jpg,30.299774
image_909.jpg,27.16105
image_91.jpg,76.87791
image_910.jpg,51.912273
image_911.jpg,21.010256
image_912.jpg,59.554924
image_913.jpg,24.14048
image_914.jpg,43.525116
image_915.jpg,49.005737
image_916.jpg,35.626617
image_917.jpg,53.889503
image_918.jpg,26.258738
image_919.jpg,69.729004
image_92.jpg,67.603546
image_920.jpg,36.601543
image_921.jpg,21.24927
image_922.jpg,30.047886
image_923.jpg,27.59464
image_924.jpg,34.56636
image_925.jpg,41.315685
image_926.jpg,52.068058
image_927.jpg,33.647552
image_928.jpg,69.362686
image_929.jpg,63.220284
image_93.jpg,7.6455445
image_930.jpg,9.413809
image_931.jpg,25.399235
image_932.jpg,27.56456
image_933.jpg,61.66647
image_934.jpg,23.121883
image_935.jpg,11.736161
image_936.jpg,53.332382
image_937.jpg,77.72413
image_938.jpg,55.522938
image_939.jpg,35.73437
image_94.jpg,25.806467
image_940.jpg,11.3725815
image_941.jpg,34.339233
image_942.jpg,-0.1327802
image_943.jpg,5.228694
image_944.jpg,57.12415
image_945.jpg,65.721634
image_946.jpg,16.274883
image_947.jpg,54.087093
image_948.jpg,36.09073
image_949.jpg,19.463371
image_95.jpg,16.636377
image_950.jpg,64.54842
image_951.jpg,60.07613
image_952.jpg,49.365185
image_953.jpg,5.1381445
image_954.jpg,1.6328633
image_955.jpg,60.692635
image_956.jpg,36.09012
image_957.jpg,54.174862
image_958.jpg,31.055782
image_959.jpg,4.645985
image_96.jpg,0.093843274
image_960.jpg,31.7666
image_961.jpg,62.33527
image_962.jpg,27.168528
image_963.jpg,54.275795
image_964.jpg,1.3773483
image_965.jpg,4.2163935
image_966.jpg,20.404179
image_967.jpg,51.980633
image_968.jpg,33.174976
image_969.jpg,20.668663
image_97.jpg,26.224195
image_970.jpg,6.968899
image_971.jpg,11.865991
image_972.jpg,56.653767
image_973.jpg,28.426018
image_974.jpg,5.098213
image_975.jpg,23.199581
image_976.jpg,7.0723705
image_977.jpg,23.53021
image_978.jpg,32.249935
image_979.jpg,65.04035
image_98.jpg,4.878622
image_980.jpg,69.085754
image_981.jpg,42.38563
image_982.jpg,9.905191
image_983.jpg,20.713196
image_984.jpg,60.084225
image_985.jpg,54.10721
image_986.jpg,60.640263
image_987.jpg,1.1526204
image_988.jpg,2.5133877
image_989.jpg,48.25379
image_99.jpg,4.2510767
image_990.jpg,32.64666
image_991.jpg,49.596645
image_992.jpg,24.907885
image_993.jpg,52.816936
image_994.jpg,49.24315
image_995.jpg,0.21893418
image_996.jpg,39.523354
image_997.jpg,30.893728
image_998.jpg,4.3956213
image_999.jpg,52.786373
